{"cameraMode":{"drawMode":0,"name":"Shaded","section":"Shading Mode"},"sceneLighting":false,"audioPlay":false,"sceneViewState":{"showFog":true,"showMaterialUpdate":false,"showSkybox":false,"showFlares":true,"showImageEffects":true,"showParticleSystems":true,"showVisualEffectGraphs":true,"m_FxEnabled":true},"in2DMode":false,"pivot":{"x":0.00022262334823608398,"y":6.610095977783203,"z":-0.07420885562896729},"rotation":{"x":0.7081658840179443,"y":-0.0010590676683932543,"z":0.0010622496483847499,"w":0.706044614315033},"size":1.2247449159622193,"orthographic":false}