{"cameraMode":{"drawMode":0,"name":"Shaded","section":"Shading Mode"},"sceneLighting":false,"audioPlay":false,"sceneViewState":{"showFog":true,"showMaterialUpdate":false,"showSkybox":false,"showFlares":true,"showImageEffects":true,"showParticleSystems":true,"showVisualEffectGraphs":true,"m_FxEnabled":true},"in2DMode":false,"pivot":{"x":0.8919389843940735,"y":2.6161344051361086,"z":-1.6673121452331544},"rotation":{"x":0.585015594959259,"y":0.00243450072593987,"z":-0.0017534347716718913,"w":0.8110233545303345},"size":2.1221868991851808,"orthographic":false}