{"cameraMode":{"drawMode":0,"name":"Shaded","section":"Shading Mode"},"sceneLighting":false,"audioPlay":false,"sceneViewState":{"showFog":true,"showMaterialUpdate":false,"showSkybox":false,"showFlares":true,"showImageEffects":true,"showParticleSystems":true,"showVisualEffectGraphs":true,"m_FxEnabled":true},"in2DMode":false,"pivot":{"x":20.215574264526368,"y":9.39285659790039,"z":-8.794149398803711},"rotation":{"x":0.7081658840179443,"y":-0.0010590676683932543,"z":0.0010622496483847499,"w":0.706044614315033},"size":1.2247449159622193,"orthographic":false}