{"cameraMode":{"drawMode":0,"name":"Shaded","section":"Shading Mode"},"sceneLighting":false,"audioPlay":false,"sceneViewState":{"showFog":true,"showMaterialUpdate":false,"showSkybox":true,"showFlares":true,"showImageEffects":true,"showParticleSystems":true},"in2DMode":false,"pivot":{"x":0.00044183130376040936,"y":4.999996185302734,"z":0.000029772520065307617},"rotation":{"x":0.7067643404006958,"y":0.003831380745396018,"z":-0.0038887609262019397,"w":0.7075953483581543},"size":20.882680892944337,"orthographic":false}