{"cameraMode":{"drawMode":0,"name":"Shaded","section":"Shading Mode"},"sceneLighting":false,"audioPlay":false,"sceneViewState":{"showFog":true,"showMaterialUpdate":false,"showSkybox":true,"showFlares":true,"showImageEffects":true,"showParticleSystems":true,"showVisualEffectGraphs":true,"m_FxEnabled":true},"in2DMode":false,"pivot":{"x":4.146609783172607,"y":-2.481545925140381,"z":16.175453186035158},"rotation":{"x":0.39896732568740847,"y":0.005500926170498133,"z":-0.0023954801727086307,"w":0.9169471859931946},"size":19.934547424316408,"orthographic":false}