{"cameraMode":{"drawMode":0,"name":"Shaded","section":"Shading Mode"},"sceneLighting":false,"audioPlay":false,"sceneViewState":{"showFog":true,"showMaterialUpdate":false,"showSkybox":true,"showFlares":true,"showImageEffects":true,"showParticleSystems":true,"showVisualEffectGraphs":true,"m_FxEnabled":true},"in2DMode":false,"pivot":{"x":1.1299160718917847,"y":-12.039499282836914,"z":-10.054137229919434},"rotation":{"x":0.4688810110092163,"y":0.09897781908512116,"z":-0.052976205945014957,"w":0.8761102557182312},"size":84.88516235351563,"orthographic":false}